<?xml version="1.0" ?>
<trolleyRoster version="1.0">
   <title>None</title>
   <dateCreated>2020-01-14 19:20:02.917000</dateCreated>
   <dateModified>2020-01-14 19:20:02.917000</dateModified>
   <rosterCount>1</rosterCount>
   <roster>
      <trolley>
         <address>4064</address>
         <maxSpeed>40</maxSpeed>
         <soundEnabled>True</soundEnabled>
         <currentPosition>100</currentPosition>
         <currentPositionDescription>Thomas Loop</currentPositionDescription>
      </trolley>
   </roster>
</trolleyRoster>
