<trolleyRoster version="1.0">
   <!--Generated by NVMR Automated Trolley Sequencer-->
   <!--Create a trolley roster that consists of consecutive trolleys on a layout-->
   <title>NVMR Automated Trolley Roster</title>
   <dateCreated>2019-09-19 21:16:55.305000</dateCreated>
   <dateModified>2019-09-19 21:16:55.305000</dateModified>
   <rosterCount>4</rosterCount>
   <roster>
      <trolley>
         <address>501</address>
         <maxSpeed>50</maxSpeed>
         <currentPosition>100</currentPosition>
         <currentPositionDescription>Thomas Loop</currentPositionDescription>
		 <soundEnabled>True</soundEnabled>
      </trolley>
      <trolley>
         <address>502</address>
         <maxSpeed>40</maxSpeed>
         <currentPosition>100</currentPosition>
         <currentPositionDescription>Thomas Loop</currentPositionDescription>
		 <soundEnabled>False</soundEnabled>
      </trolley>
      <trolley>
         <address>503</address>
         <maxSpeed>80</maxSpeed>
         <currentPosition>106</currentPosition>
         <currentPositionDescription>Spencer Station Yard Side</currentPositionDescription>
		 <soundEnabled>True</soundEnabled>
      </trolley>
      <trolley>
         <address>504</address>
         <maxSpeed>50</maxSpeed>
         <currentPosition>106</currentPosition>
         <currentPositionDescription>Spencer Station Yard Side</currentPositionDescription>
		 <soundEnabled>False</soundEnabled>
      </trolley>
   </roster>
</trolleyRoster>