<?xml version="1.0" ?>
<trolleyRoster version="1.0">
   <title>NVMR Automated Trolley Roster</title>
   <dateCreated>2019-12-15 16:28:19.948000</dateCreated>
   <dateModified>2019-12-15 16:28:19.948000</dateModified>
   <rosterCount>4</rosterCount>
   <roster>
      <trolley>
         <address>501</address>
         <maxSpeed>50</maxSpeed>
         <soundEnabled>True</soundEnabled>
         <currentPosition>101</currentPosition>
         <currentPositionDescription>Spencer Station Aisle Side</currentPositionDescription>
      </trolley>
      <trolley>
         <address>502</address>
         <maxSpeed>40</maxSpeed>
         <soundEnabled>False</soundEnabled>
         <currentPosition>101</currentPosition>
         <currentPositionDescription>Spencer Station Aisle Side</currentPositionDescription>
      </trolley>
      <trolley>
         <address>503</address>
         <maxSpeed>80</maxSpeed>
         <soundEnabled>True</soundEnabled>
         <currentPosition>106</currentPosition>
         <currentPositionDescription>Spencer Station Yard Side</currentPositionDescription>
      </trolley>
      <trolley>
         <address>504</address>
         <maxSpeed>50</maxSpeed>
         <soundEnabled>False</soundEnabled>
         <currentPosition>106</currentPosition>
         <currentPositionDescription>Spencer Station Yard Side</currentPositionDescription>
      </trolley>
   </roster>
</trolleyRoster>
