<?xml version="1.0" ?>
<layoutMap version="1.0">
   <!--# Generated by NVMR Automated Trolley Sequencer-->
   <!--# Create a layoutMap map that consists of consecutive blocks representing a complete-->
   <!--# circuit. The map also identifies the segment associated with each block. This is-->
   <!--# done because so a multiple block area can be identified as occupied.-->
   <!--#    -->
   <!--#        ==100/1==                                                                                      ====103/6===* -->
   <!--#      /          \                                                                                    /             \ -->
   <!--#     /            *                                                                                  /               \ -->
   <!--#     *             \                                                                                *                | -->
   <!--#      \             ==106/10===*====121/9=====*===123/8===*=====120/7====*=\                       /                / -->
   <!--#       \                                                                    >==102/6==*===107/6===<=*====104/6====/ -->
   <!--#         =====101/2=====*======118/3======*=====116/4=====*=====117/5====*=/-->
   <!--#-->
   <!--# Trolley Sequencing-->
   <!--# Block 101 - Spencer Station Aisle Side-->
   <!--# Block 118 - Spencer Boulevard Aisle Side-->
   <!--# Block 116 - Traffic Intersection Aisle Side-->
   <!--# Block 117 - Single Track Signal Block Aisle Side-->
   <!--# Block 102 - Single Track Spencer Side-->
   <!--# Block 107 - Single Track Majolica Side-->
   <!--# Block 104 - Majolica Outbound Loop-->
   <!--# Block 103 - Majolica Return Loop-->
   <!--# Block 107 - Single Track Majolica End-->
   <!--# Block 102 - Single Track Spencer End-->
   <!--# Block 120 - Spencer Boulevard Interchange Yard Side-->
   <!--# Block 123 - Spencer Boulevard Shelter Yard Side-->
   <!--# Block 121 - Spencer Boulevard Buckholtz Yard Side-->
   <!--# Block 106 - Spencer Station Yard Side-->
   <!--# Block 132 - Cheer Wine Single Track Outbound-->
   <!--# Block 133 - Black Mountain Loop-->
   <!--# Block 132 - Cheer Wine Single Track Returning-->
   <title>NVMR Automated Trolley Layout</title>
   <dateCreated>2019-11-24 19:17:43.766000</dateCreated>
   <dateModified>2019-11-24 19:17:43.766000</dateModified>
   <blockCount>15</blockCount>
   <segmentCount>10</segmentCount>
   <blocks>
      <block>
         <address>101</address>
         <newSegment>True</newSegment>
         <stopRequired>False</stopRequired>
         <waitTime>0</waitTime>
         <length>130</length>
         <description>Spencer Station Aisle Side</description>
      </block>
      <block>
         <address>118</address>
         <newSegment>True</newSegment>
         <stopRequired>False</stopRequired>
         <waitTime>0</waitTime>
         <length>31</length>
         <description>Spencer Boulevard Buckholtz Aisle Side</description>
      </block>
      <block>
         <address>116</address>
         <newSegment>True</newSegment>
         <stopRequired>True</stopRequired>
         <waitTime>15</waitTime>
         <length>136</length>
         <description>Spencer Boulevard Traffic Intersection Aisle Side</description>
      </block>
      <block>
         <address>117</address>
         <newSegment>True</newSegment>
         <stopRequired>False</stopRequired>
         <waitTime>0</waitTime>
         <length>21</length>
         <description>Spencer Boulevard Aisle Track Signal</description>
      </block>
      <block>
         <address>102</address>
         <newSegment>True</newSegment>
         <stopRequired>False</stopRequired>
         <waitTime>0</waitTime>
         <length>51</length>
         <description>Single Track Spencer Side Outbound</description>
      </block>
      <block>
         <address>107</address>
         <newSegment>False</newSegment>
         <stopRequired>False</stopRequired>
         <waitTime>0</waitTime>
         <length>42</length>
         <description>Single Track Majolica Side Outbound</description>
      </block>
      <block>
         <address>104</address>
         <newSegment>False</newSegment>
         <stopRequired>False</stopRequired>
         <waitTime>0</waitTime>
         <length>140</length>
         <description>Majolica Outbound Loop</description>
      </block>
      <block>
         <address>103</address>
         <newSegment>False</newSegment>
         <stopRequired>False</stopRequired>
         <waitTime>0</waitTime>
         <length>130</length>
         <description>Majolica Return Loop</description>
      </block>
      <block>
         <address>107</address>
         <newSegment>False</newSegment>
         <stopRequired>False</stopRequired>
         <waitTime>0</waitTime>
         <length>42</length>
         <description>Single Track Majolica End Returning</description>
      </block>
      <block>
         <address>102</address>
         <newSegment>False</newSegment>
         <stopRequired>False</stopRequired>
         <waitTime>0</waitTime>
         <length>51</length>
         <description>Single Track Spencer End Returning</description>
      </block>
      <block>
         <address>120</address>
         <newSegment>True</newSegment>
         <stopRequired>False</stopRequired>
         <waitTime>0</waitTime>
         <length>116</length>
         <description>Spencer Boulevard WNC Interchange Yard Side</description>
      </block>
      <block>
         <address>123</address>
         <newSegment>True</newSegment>
         <stopRequired>True</stopRequired>
         <waitTime>15</waitTime>
         <length>72</length>
         <description>Spencer Boulevard Bus Shelter Yard Side</description>
      </block>
      <block>
         <address>121</address>
         <newSegment>True</newSegment>
         <stopRequired>False</stopRequired>
         <waitTime>0</waitTime>
         <length>83</length>
         <description>Spencer Boulevard Buckholtz Yard Side</description>
      </block>
      <block>
         <address>106</address>
         <newSegment>True</newSegment>
         <stopRequired>True</stopRequired>
         <waitTime>15</waitTime>
         <length>41</length>
         <description>Spencer Station Yard Side</description>
      </block>
      <block>
         <address>132</address>
         <newSegment>True</newSegment>
         <stopRequired>False</stopRequired>
         <waitTime>0</waitTime>
         <length>57</length>
         <description>Cheer Wine Single Track Outbound</description>
      </block>
      <block>
         <address>133</address>
         <newSegment>False</newSegment>
         <stopRequired>False</stopRequired>
         <waitTime>0</waitTime>
         <length>370</length>
         <description>Black Mountain Loop</description>
      </block>
      <block>
         <address>132</address>
         <newSegment>True</newSegment>
         <stopRequired>False</stopRequired>
         <waitTime>0</waitTime>
         <length>57</length>
         <description>Cheer Wine Single Track Returning</description>
      </block>
	  </blocks>
</layoutMap>
